Platform,Load Level,Precision,Recall,F1 Score,CPU Utilization
Cloud Run,53.333333333333336,0.0625,1.0,0.1111111111111111,49.333333333333336
EC2,53.333333333333336,0.0625,1.0,0.1111111111111111,46.666666666666664
Google Compute,53.333333333333336,0.0625,1.0,0.1111111111111111,44.0
Lambda,53.333333333333336,0.0625,1.0,0.1111111111111111,51.666666666666664
